{
  "feature_names": [
    "fft_low_e",
    "fft_mid_e",
    "fft_high_e",
    "fft_mid_peakiness",
    "sat_mean",
    "sat_std",
    "val_mean",
    "blue_red_balance",
    "r_std",
    "g_std",
    "b_std",
    "sharp_tile_mean",
    "sharp_tile_std",
    "sharp_tile_cv",
    "glare_frac",
    "border_edge_ratio"
  ],
  "scaler_mean": [
    0.015743922560895775,
    0.16907519920199526,
    0.8151808766757741,
    1.3851999780711006,
    0.3612928337910596,
    0.15918936847033455,
    0.5739828654948402,
    -0.1276191987152047,
    0.22492694339769728,
    0.19532106809464156,
    0.16946406987513982,
    420.1766947297489,
    457.191414018472,
    1.214624387084269,
    0.021677054610906864,
    0.8439628347462299
  ],
  "scaler_scale": [
    0.0013371999012973294,
    0.008644397560474497,
    0.009695759479551968,
    0.10876603030414031,
    0.16504227689719123,
    0.05086685712320695,
    0.11126210860513729,
    0.16110760532439358,
    0.06081548763635511,
    0.049602940738666716,
    0.05600970362602208,
    333.1474425469734,
    305.9010595513917,
    0.46335358238734653,
    0.03910951192526695,
    0.2848439462973802
  ],
  "coef": [
    -0.09540164620587842,
    0.644377550798383,
    -0.5613522431722996,
    0.2894835307316602,
    1.4917847110441484,
    -0.5334666940117383,
    0.14251639481630984,
    -0.5662608855767413,
    1.2380305439439596,
    0.4104098941168763,
    -0.9395458184520323,
    0.2646797388337017,
    0.2258787839874098,
    -0.08157920954690306,
    -1.4221252170433558,
    0.44677080533286817
  ],
  "intercept": -0.23734652551092594,
  "held_out_test_accuracy": 0.9615384615384616,
  "n_train_images": 102
}