{
  "model_type": "logistic_regression",
  "feature_names": [
    "fft_low_e",
    "fft_mid_e",
    "fft_high_e",
    "fft_mid_peakiness",
    "sat_mean",
    "sat_std",
    "val_mean",
    "blue_red_balance",
    "r_std",
    "g_std",
    "b_std",
    "sharp_tile_mean",
    "sharp_tile_std",
    "sharp_tile_cv",
    "glare_frac",
    "border_edge_ratio",
    "lbp_bin_0",
    "lbp_bin_1",
    "lbp_bin_2",
    "lbp_bin_3",
    "lbp_bin_4",
    "lbp_bin_5",
    "lbp_bin_6",
    "lbp_bin_7",
    "lbp_bin_8",
    "lbp_bin_9",
    "lbp_bin_10",
    "lbp_bin_11",
    "lbp_bin_12",
    "lbp_bin_13",
    "lbp_bin_14",
    "lbp_bin_15"
  ],
  "scaler_mean": [
    0.0163096783445308,
    0.1742087767696848,
    0.8094815454062294,
    1.3959568213014042,
    0.34907203803167625,
    0.1524138736228148,
    0.598925222660981,
    -0.12566454594329401,
    0.21769117487265782,
    0.18817433955914833,
    0.16485409599308873,
    318.74678039784527,
    337.7200769875564,
    1.1433907761877657,
    0.025306290271235446,
    0.8663198845643624,
    0.006084090019416466,
    0.00309972456321417,
    0.0012183591706179512,
    0.005302117957149213,
    0.00039655044116336605,
    0.00014116695310090733,
    0.0006462446574861294,
    0.004746496447992018,
    0.006563953528016368,
    0.0010792394108755294,
    0.00025426683675380216,
    0.0009384847282632894,
    0.00372752562101346,
    0.0009609614712912042,
    0.005434683875600789,
    0.02190613427984656
  ],
  "scaler_scale": [
    0.001527957507021657,
    0.008662630930129084,
    0.009856439246205453,
    0.1060653190964335,
    0.16365764190313775,
    0.05340421871332236,
    0.11292271709184985,
    0.1640694740477912,
    0.06880216504512199,
    0.05638629966493945,
    0.05672592497886368,
    267.9002958918756,
    294.4092788023454,
    0.4798517251538496,
    0.046448494600379524,
    0.30068557765113624,
    0.0020356955433208468,
    0.0013636320346961004,
    0.0005749902913925044,
    0.0014417109529675707,
    0.00016472615672770308,
    7.437436142859525e-05,
    0.00025649157314016653,
    0.0017238757777557024,
    0.001862301891732716,
    0.00026159594472936217,
    7.805801413015659e-05,
    0.00024150585406367418,
    0.001437390292274869,
    0.0004495500934785297,
    0.0015649393221560592,
    0.00928654672369487
  ],
  "held_out_test_accuracy": 0.9615384615384616,
  "n_train_images": 102,
  "coef": [
    -0.2662474494421285,
    0.46103561351526773,
    -0.3639230654915847,
    -0.018550371871817958,
    1.2206659871657046,
    -0.19671954735700403,
    0.9985112231945732,
    -0.37908250346178574,
    0.6110938187060381,
    0.0726179313801956,
    -0.7121572181966369,
    -0.7738573946382592,
    -0.41492835426202596,
    0.015512202231553572,
    -0.5194453169935311,
    0.33735837443032185,
    0.499707245395937,
    0.08197529873427827,
    0.1069126678438306,
    -0.2841084236542369,
    -0.13038937011479404,
    -0.10619405175281345,
    0.5887899200403233,
    0.7650475609048173,
    0.449105300489627,
    0.44448612967888285,
    -0.22890364023978318,
    -0.7053869112048536,
    0.012373043159961858,
    0.03206221651059939,
    -0.2414633721819431,
    -0.28429750191804715
  ],
  "intercept": -0.30330663913600014
}